Name,#1,#2,#3,#4,#5,#6,#7,#8,#9,#10,Mean
TodoMVC-JavaScript-ES5,511.6000000000058,460.7999999999738,400.8000000000029,306.90000000000873,257.8000000000029,248.80000000001746,272.30000000001746,250.4999999999709,249.69999999995343,245.70000000006985,320.49000000000234
TodoMVC-JavaScript-ES5/Adding100Items,322.3000000000029,240.39999999997963,217.1999999999971,160.60000000000582,148.5,138.40000000000873,148.89999999999418,142.69999999998254,139.69999999998254,137.39999999996508,179.60999999999186
TodoMVC-JavaScript-ES5/Adding100Items/Sync,150.1999999999971,213.79999999998836,188.89999999999418,135.10000000000582,129,119.10000000000582,129.39999999999418,123.59999999997672,120.5,117.59999999997672,142.7199999999939
TodoMVC-JavaScript-ES5/Adding100Items/Async,172.10000000000582,26.59999999999127,28.30000000000291,25.5,19.5,19.30000000000291,19.5,19.10000000000582,19.199999999982538,19.79999999998836,36.88999999999796
TodoMVC-JavaScript-ES5/CompletingAllItems,106.80000000000291,119.89999999999418,106.19999999999709,90.39999999999418,65.60000000000582,71,76.20000000001164,65.29999999998836,68.89999999999418,67.30000000004657,83.76000000000349
TodoMVC-JavaScript-ES5/CompletingAllItems/Sync,73.30000000000291,89,82.09999999999127,65.09999999999127,47.60000000000582,50.30000000000291,55.80000000001746,47,48.5,46.800000000046566,60.550000000005824
TodoMVC-JavaScript-ES5/CompletingAllItems/Async,33.5,30.89999999999418,24.10000000000582,25.30000000000291,18,20.69999999999709,20.39999999999418,18.29999999998836,20.39999999999418,20.5,23.20999999999767
TodoMVC-JavaScript-ES5/DeletingAllItems,82.5,100.5,77.40000000000873,55.90000000000873,43.69999999999709,39.40000000000873,47.20000000001164,42.5,41.09999999997672,41.00000000005821,57.12000000000698
TodoMVC-JavaScript-ES5/DeletingAllItems/Sync,80.29999999999563,96.89999999999418,75.10000000000582,53.80000000000291,40.39999999999418,37.60000000000582,45.30000000001746,40.39999999999418,39.19999999998254,39.100000000034925,54.810000000002766
TodoMVC-JavaScript-ES5/DeletingAllItems/Async,2.2000000000043656,3.6000000000058208,2.3000000000029104,2.1000000000058208,3.3000000000029104,1.8000000000029104,1.8999999999941792,2.1000000000058208,1.8999999999941792,1.900000000023283,2.3100000000042202
TodoMVC-JavaScript-ES6-Webpack-Complex-DOM,441.70000000001164,537.5,512.6000000000058,382.1000000000058,372.3000000000029,377.80000000001746,379.29999999995925,380.20000000001164,374.5999999999767,371.29999999998836,412.93999999999795
TodoMVC-JavaScript-ES6-Webpack-Complex-DOM/Adding100Items,148.59999999999854,182.10000000000582,163.39999999999418,120.50000000001455,109.80000000000291,115.60000000000582,113.19999999998254,114.29999999998836,113,112.29999999998836,129.2799999999981
TodoMVC-JavaScript-ES6-Webpack-Complex-DOM/Adding100Items/Sync,121.69999999999709,143.5,132.59999999999127,95.30000000000291,86.10000000000582,89.89999999999418,88,90.60000000000582,87.29999999998836,86.79999999998836,102.17999999999738
TodoMVC-JavaScript-ES6-Webpack-Complex-DOM/Adding100Items/Async,26.900000000001455,38.60000000000582,30.80000000000291,25.20000000001164,23.69999999999709,25.70000000001164,25.199999999982538,23.699999999982538,25.70000000001164,25.5,27.100000000000726
TodoMVC-JavaScript-ES6-Webpack-Complex-DOM/CompletingAllItems,166.00000000000728,194,195.8000000000029,145.89999999999418,146.89999999999418,144.20000000001164,148,150,145.70000000001164,143.29999999998836,157.980000000001
TodoMVC-JavaScript-ES6-Webpack-Complex-DOM/CompletingAllItems/Sync,133.40000000000146,155,160.89999999999418,118.30000000000291,119.69999999999709,116.90000000000873,120.29999999998836,120,118.30000000001746,115.79999999998836,127.85999999999986
TodoMVC-JavaScript-ES6-Webpack-Complex-DOM/CompletingAllItems/Async,32.60000000000582,39,34.90000000000873,27.59999999999127,27.19999999999709,27.30000000000291,27.70000000001164,30,27.39999999999418,27.5,30.120000000001163
TodoMVC-JavaScript-ES6-Webpack-Complex-DOM/DeletingAllItems,127.10000000000582,161.39999999999418,153.40000000000873,115.69999999999709,115.60000000000582,118,118.09999999997672,115.90000000002328,115.89999999996508,115.70000000001164,125.67999999999884
TodoMVC-JavaScript-ES6-Webpack-Complex-DOM/DeletingAllItems/Sync,119.70000000000437,149.89999999999418,142.8000000000029,107.39999999999418,109.10000000000582,109.80000000000291,108.79999999998836,109.5,108.19999999998254,106.5,117.16999999999753
TodoMVC-JavaScript-ES6-Webpack-Complex-DOM/DeletingAllItems/Async,7.400000000001455,11.5,10.60000000000582,8.30000000000291,6.5,8.19999999999709,9.299999999988358,6.400000000023283,7.699999999982538,9.200000000011642,8.510000000001309
TodoMVC-WebComponents,219.79999999999563,281.5,287.8000000000029,158.40000000002328,151.70000000001164,150.79999999998836,152.5000000000582,152.10000000000582,151.29999999998836,153.09999999997672,185.9000000000051
TodoMVC-WebComponents/Adding100Items,120.89999999999418,137.60000000000582,147.39999999999418,87.20000000001164,78.80000000000291,78.39999999999418,80.60000000003492,80.60000000000582,78.39999999999418,80,96.99000000000379
TodoMVC-WebComponents/Adding100Items/Sync,79.39999999999418,88.69999999999709,100.79999999998836,52.20000000001164,44.30000000000291,43.69999999999709,45.70000000001164,45.60000000000582,43.39999999999418,44.5,58.83000000000029
TodoMVC-WebComponents/Adding100Items/Async,41.5,48.90000000000873,46.60000000000582,35,34.5,34.69999999999709,34.90000000002328,35,35,35.5,38.16000000000349
TodoMVC-WebComponents/CompletingAllItems,49.60000000000582,84.39999999999418,78.40000000000873,43.80000000000291,43.90000000000873,43.80000000000291,43.80000000001746,43.20000000001164,43.79999999998836,44.699999999953434,51.939999999999415
TodoMVC-WebComponents/CompletingAllItems/Sync,22.200000000004366,45.89999999999418,39.10000000000582,20.40000000000873,20.5,20.80000000000291,20.89999999999418,20.20000000001164,20.699999999982538,21.5,25.220000000000436
TodoMVC-WebComponents/CompletingAllItems/Async,27.400000000001455,38.5,39.30000000000291,23.39999999999418,23.40000000000873,23,22.900000000023283,23,23.10000000000582,23.199999999953434,26.719999999998983
TodoMVC-WebComponents/DeletingAllItems,49.299999999995634,59.5,62,27.40000000000873,29,28.59999999999127,28.10000000000582,28.29999999998836,29.10000000000582,28.400000000023283,36.97000000000189
TodoMVC-WebComponents/DeletingAllItems/Sync,47.099999999998545,57,59.19999999999709,25.40000000000873,27,26.5,26.20000000001164,26.29999999998836,27.20000000001164,26.400000000023283,34.83000000000393
TodoMVC-WebComponents/DeletingAllItems/Async,2.1999999999970896,2.5,2.8000000000029104,2,2,2.099999999991269,1.8999999999941792,2,1.8999999999941792,2,2.1399999999979626
TodoMVC-React-Complex-DOM,427,500.3000000000029,479.8000000000029,352,314.1000000000058,313.1000000000058,306.9000000000233,354.20000000001164,306.5,302.4000000000815,365.6300000000134
TodoMVC-React-Complex-DOM/Adding100Items,184.90000000000146,218.5,208.40000000000873,152.90000000000873,143.8000000000029,140.8000000000029,140.90000000002328,159.20000000001164,141,135.20000000006985,162.56000000001296
TodoMVC-React-Complex-DOM/Adding100Items/Sync,157.90000000000146,185.8000000000029,176.8000000000029,127.20000000001164,119,116.20000000001164,116.10000000000582,133,116.29999999998836,110.30000000004657,135.86000000000712
TodoMVC-React-Complex-DOM/Adding100Items/Async,27,32.69999999999709,31.60000000000582,25.69999999999709,24.80000000000291,24.59999999999127,24.800000000017462,26.20000000001164,24.70000000001164,24.900000000023283,26.700000000005822
TodoMVC-React-Complex-DOM/CompletingAllItems,151.60000000000582,182.29999999998836,171.89999999999418,120.49999999998545,111.80000000001746,112.80000000000291,107.29999999998836,116.19999999998254,106.69999999998254,108.09999999997672,128.91999999999243
TodoMVC-React-Complex-DOM/CompletingAllItems/Sync,116.30000000000291,125.89999999999418,120.69999999999709,88.09999999999127,77.40000000000873,80.5,75.89999999999418,83.19999999998254,73.69999999998254,75.39999999996508,91.70999999999185
TodoMVC-React-Complex-DOM/CompletingAllItems/Async,35.30000000000291,56.39999999999418,51.19999999999709,32.39999999999418,34.40000000000873,32.30000000000291,31.39999999999418,33,33,32.70000000001164,37.21000000000058
TodoMVC-React-Complex-DOM/DeletingAllItems,90.49999999999272,99.50000000001455,99.5,78.60000000000582,58.49999999998545,59.5,58.70000000001164,78.80000000001746,58.80000000001746,59.100000000034925,74.150000000008
TodoMVC-React-Complex-DOM/DeletingAllItems/Sync,84.69999999999709,91.20000000001164,89.40000000000873,71.80000000000291,52.09999999999127,53.5,52.70000000001164,61.39999999999418,52.60000000000582,52.90000000002328,66.23000000000465
TodoMVC-React-Complex-DOM/DeletingAllItems/Async,5.799999999995634,8.30000000000291,10.099999999991269,6.80000000000291,6.399999999994179,6,6,17.400000000023283,6.2000000000116415,6.2000000000116415,7.920000000003347
TodoMVC-React-Redux,769.8999999999796,864.4999999999854,493.6000000000204,415.4999999999709,327.40000000000873,315.49999999998545,317.29999999998836,317.30000000001746,313.09999999996217,308.3999999999651,444.24999999998835
TodoMVC-React-Redux/Adding100Items,237.6999999999898,430.29999999998836,223.20000000001164,184.49999999998545,155.60000000000582,144.5,143.39999999999418,142.10000000000582,142.29999999998836,136.4999999999418,194.00999999999112
TodoMVC-React-Redux/Adding100Items/Sync,207.89999999999418,351.29999999998836,184.10000000000582,164.29999999998836,135.89999999999418,124.60000000000582,124.19999999998254,122.5,121.89999999999418,117.19999999995343,165.3899999999907
TodoMVC-React-Redux/Adding100Items/Async,29.799999999995634,79,39.10000000000582,20.19999999999709,19.70000000001164,19.89999999999418,19.20000000001164,19.60000000000582,20.39999999999418,19.29999999998836,28.620000000000438
TodoMVC-React-Redux/CompletingAllItems,355.3999999999942,230.89999999999418,167.60000000000582,143.89999999999418,112,110.39999999999418,113.60000000000582,114.60000000000582,110.69999999998254,111,157.00999999999766
TodoMVC-React-Redux/CompletingAllItems/Sync,286,203.39999999999418,140.60000000000582,119.19999999999709,90.5,92,91.20000000001164,92,89.09999999997672,92.5,129.64999999999856
TodoMVC-React-Redux/CompletingAllItems/Async,69.39999999999418,27.5,27,24.69999999999709,21.5,18.39999999999418,22.39999999999418,22.60000000000582,21.60000000000582,18.5,27.359999999999125
TodoMVC-React-Redux/DeletingAllItems,176.79999999999563,203.3000000000029,102.80000000000291,87.09999999999127,59.80000000000291,60.59999999999127,60.29999999998836,60.60000000000582,60.09999999999127,60.90000000002328,93.22999999999956
TodoMVC-React-Redux/DeletingAllItems/Sync,173.29999999999563,201.09999999999127,100.10000000000582,84.89999999999418,57.70000000001164,58.59999999999127,58.20000000001164,58.39999999999418,58.09999999999127,58.90000000002328,90.93000000000102
TodoMVC-React-Redux/DeletingAllItems/Async,3.5,2.2000000000116415,2.6999999999970896,2.1999999999970896,2.099999999991269,2,2.099999999976717,2.2000000000116415,2,2,2.299999999998545
TodoMVC-Backbone,442.59999999999854,383.49999999998545,354.2999999999738,224.90000000000873,230.30000000001746,217.69999999996799,221.0000000000291,216.29999999995925,213.49999999988358,215.59999999997672,271.9699999999801
TodoMVC-Backbone/Adding100Items,286.5,193.09999999999127,179.1999999999971,122.30000000000291,123.30000000000291,116.99999999998545,116.20000000001164,114.29999999998836,111.89999999996508,115.49999999994179,147.92999999998864
TodoMVC-Backbone/Adding100Items/Sync,234.59999999999854,161.39999999999418,151,101.5,101.89999999999418,92.59999999999127,94.70000000001164,93.5,90.70000000001164,90.59999999997672,121.24999999999781
TodoMVC-Backbone/Adding100Items/Async,51.900000000001455,31.69999999999709,28.19999999999709,20.80000000000291,21.40000000000873,24.39999999999418,21.5,20.79999999998836,21.199999999953434,24.899999999965075,26.679999999990834
TodoMVC-Backbone/CompletingAllItems,95.09999999999127,105.60000000000582,89.29999999998836,61.90000000000873,63.10000000000582,62.09999999999127,61.40000000002328,63.79999999998836,62.199999999953434,61.09999999997672,72.55999999999331
TodoMVC-Backbone/CompletingAllItems/Sync,69.19999999999709,82.60000000000582,65.19999999999709,42.60000000000582,43.40000000000873,43,41.5,44.29999999998836,42.59999999997672,41.70000000001164,51.609999999999125
TodoMVC-Backbone/CompletingAllItems/Async,25.89999999999418,23,24.09999999999127,19.30000000000291,19.69999999999709,19.09999999999127,19.900000000023283,19.5,19.599999999976717,19.399999999965075,20.94999999999418
TodoMVC-Backbone/DeletingAllItems,61.000000000007276,84.79999999998836,85.79999999998836,40.69999999999709,43.90000000000873,38.59999999999127,43.39999999999418,38.19999999998254,39.399999999965075,39.00000000005821,51.47999999999811
TodoMVC-Backbone/DeletingAllItems/Sync,54.200000000004366,73.89999999999418,82.39999999999418,38,36.10000000000582,36.09999999999127,35.89999999999418,35.69999999998254,36.79999999998836,36.40000000002328,46.549999999997816
TodoMVC-Backbone/DeletingAllItems/Async,6.80000000000291,10.89999999999418,3.3999999999941792,2.6999999999970896,7.80000000000291,2.5,7.5,2.5,2.599999999976717,2.6000000000349246,4.930000000000291
TodoMVC-Angular-Complex-DOM,417.1000000000058,664.8000000000175,462.49999999998545,301.5,296.30000000001746,291.0999999999767,291.9000000000233,295.69999999998254,286.8999999999651,282.9000000000233,359.0699999999997
TodoMVC-Angular-Complex-DOM/Adding100Items,249.10000000000582,425.90000000000873,280.3999999999942,184.29999999998836,182.8000000000029,187.29999999998836,184.29999999998836,194.39999999999418,187.89999999996508,180.29999999998836,225.66999999999243
TodoMVC-Angular-Complex-DOM/Adding100Items/Sync,219.90000000000146,391.20000000001164,239.39999999999418,158.29999999998836,157.8000000000029,155.69999999998254,158.39999999999418,162.39999999999418,157.69999999995343,150.5,195.1299999999923
TodoMVC-Angular-Complex-DOM/Adding100Items/Async,29.200000000004366,34.69999999999709,41,26,25,31.60000000000582,25.89999999999418,32,30.20000000001164,29.79999999998836,30.540000000000145
TodoMVC-Angular-Complex-DOM/CompletingAllItems,110.59999999999854,143.5,99.19999999999709,63.80000000001746,65.70000000001164,60,63.30000000001746,58.19999999998254,56.70000000006985,58.90000000002328,77.99000000001179
TodoMVC-Angular-Complex-DOM/CompletingAllItems/Sync,82.69999999999709,82.89999999999418,57.09999999999127,33.60000000000582,34.5,34.89999999999418,33.5,32.09999999997672,31.400000000023283,33.70000000001164,45.63999999999942
TodoMVC-Angular-Complex-DOM/CompletingAllItems/Async,27.900000000001455,60.60000000000582,42.10000000000582,30.20000000001164,31.20000000001164,25.10000000000582,29.800000000017462,26.10000000000582,25.300000000046566,25.20000000001164,32.35000000001237
TodoMVC-Angular-Complex-DOM/DeletingAllItems,57.400000000001455,95.40000000000873,82.89999999999418,53.39999999999418,47.80000000000291,43.79999999998836,44.30000000001746,43.10000000000582,42.29999999993015,43.70000000001164,55.40999999999549
TodoMVC-Angular-Complex-DOM/DeletingAllItems/Sync,54,91,77.60000000000582,36.69999999999709,44.09999999999127,40.20000000001164,41,39.60000000000582,38.899999999965075,40.40000000002328,50.35
TodoMVC-Angular-Complex-DOM/DeletingAllItems/Async,3.400000000001455,4.400000000008731,5.2999999999883585,16.69999999999709,3.7000000000116415,3.599999999976717,3.3000000000174623,3.5,3.3999999999650754,3.2999999999883585,5.0599999999954886
TodoMVC-Vue,251.20000000001164,415.69999999998254,248.59999999997672,173.09999999996217,175.40000000003783,171.5999999999476,177.09999999997672,186,178.5,169.89999999996508,214.70999999998602
TodoMVC-Vue/Adding100Items,150.40000000000873,244.09999999999127,150.79999999998836,96.19999999998254,98.20000000001164,96.89999999996508,99.29999999998836,108.79999999998836,103.20000000001164,96.10000000003492,124.39999999999709
TodoMVC-Vue/Adding100Items/Sync,19.60000000000582,28.19999999999709,28.69999999999709,18.09999999999127,18.90000000000873,18.199999999982538,18.29999999998836,18.599999999976717,20.099999999976717,18.100000000034925,20.679999999995925
TodoMVC-Vue/Adding100Items/Async,130.8000000000029,215.89999999999418,122.09999999999127,78.09999999999127,79.30000000000291,78.69999999998254,81,90.20000000001164,83.10000000003492,78,103.72000000000116
TodoMVC-Vue/CompletingAllItems,65.09999999999854,83.69999999999709,70.59999999999127,52.49999999998545,52.60000000002037,51.29999999998836,52.69999999998254,53.500000000029104,51.899999999965075,50.49999999994179,58.43999999998996
TodoMVC-Vue/CompletingAllItems/Sync,9.5,15.89999999999418,9.5,7.899999999994179,7.7000000000116415,7.2999999999883585,8.10000000000582,7.800000000017462,7.599999999976717,7.699999999953434,8.89999999999418
TodoMVC-Vue/CompletingAllItems/Async,55.599999999998545,67.80000000000291,61.09999999999127,44.59999999999127,44.90000000000873,44,44.59999999997672,45.70000000001164,44.29999999998836,42.79999999998836,49.53999999999578
TodoMVC-Vue/DeletingAllItems,35.700000000004366,87.89999999999418,27.19999999999709,24.39999999999418,24.60000000000582,23.39999999999418,25.10000000000582,23.699999999982538,23.400000000023283,23.29999999998836,31.86999999999898
TodoMVC-Vue/DeletingAllItems/Sync,21,56.39999999999418,13.900000000008731,11.89999999999418,12.60000000000582,11.799999999988358,12,11.89999999999418,11.900000000023283,11.700000000011642,17.510000000002037
TodoMVC-Vue/DeletingAllItems/Async,14.700000000004366,31.5,13.299999999988358,12.5,12,11.60000000000582,13.10000000000582,11.799999999988358,11.5,11.599999999976717,14.359999999996944
TodoMVC-jQuery,851.5000000000073,1144.4999999999854,910.1999999999971,698.7999999999884,688.3000000000029,690.8000000000466,699.2999999999884,695.0999999999476,687,704.6000000000349,777.0099999999999
TodoMVC-jQuery/Adding100Items,256.6000000000058,334.59999999999127,272.8999999999942,206.50000000001455,199.39999999999418,197.70000000001164,204.89999999999418,206.4999999999709,196.20000000001164,193.20000000001164,226.85
TodoMVC-jQuery/Adding100Items/Sync,233.60000000000582,295.5,246.3000000000029,186.60000000000582,172.1999999999971,178.10000000000582,176,187.19999999998254,176.29999999998836,173.5,202.52999999999884
TodoMVC-jQuery/Adding100Items/Async,23,39.09999999999127,26.59999999999127,19.90000000000873,27.19999999999709,19.60000000000582,28.89999999999418,19.29999999998836,19.900000000023283,19.70000000001164,24.320000000001166
TodoMVC-jQuery/CompletingAllItems,399.8000000000029,586.3000000000029,416.1000000000058,325.8999999999942,320.3999999999942,326.30000000001746,325.69999999998254,320.19999999998254,323.8999999999651,341.20000000006985,368.58000000000175
TodoMVC-jQuery/CompletingAllItems/Sync,378.8000000000029,563.2000000000116,391.6000000000058,307.3999999999942,295.3999999999942,300.80000000001746,299.79999999998836,302,304.79999999998836,315.80000000004657,345.9600000000049
TodoMVC-jQuery/CompletingAllItems/Async,21,23.09999999999127,24.5,18.5,25,25.5,25.89999999999418,18.199999999982538,19.099999999976717,25.400000000023283,22.6199999999968
TodoMVC-jQuery/DeletingAllItems,195.09999999999854,223.59999999999127,221.1999999999971,166.39999999997963,168.50000000001455,166.80000000001746,168.70000000001164,168.39999999999418,166.90000000002328,170.19999999995343,181.5799999999981
TodoMVC-jQuery/DeletingAllItems/Sync,193.3000000000029,221.39999999999418,218,164.59999999999127,158.70000000001164,158.10000000000582,160.20000000001164,166.60000000000582,165,163.09999999997672,176.9
TodoMVC-jQuery/DeletingAllItems/Async,1.7999999999956344,2.1999999999970896,3.1999999999970896,1.7999999999883585,9.80000000000291,8.700000000011642,8.5,1.7999999999883585,1.900000000023283,7.099999999976717,4.679999999998108
TodoMVC-Preact-Complex-DOM,135.80000000001746,154.3000000000029,113.59999999997672,96.90000000000873,90.20000000001164,92.40000000002328,90.30000000001746,89.60000000000582,90.89999999990687,87.79999999998836,104.17999999999593
TodoMVC-Preact-Complex-DOM/Adding100Items,69.50000000000728,86.69999999999709,55.70000000001164,47.69999999999709,44.19999999999709,45.19999999998254,44.79999999998836,45,44.899999999965075,42.59999999997672,52.629999999992286
TodoMVC-Preact-Complex-DOM/Adding100Items/Sync,13.80000000000291,9,8.60000000000582,7.599999999991269,7.5,7.699999999982538,7.599999999976717,7.7000000000116415,8,6.900000000023283,8.439999999999419
TodoMVC-Preact-Complex-DOM/Adding100Items/Async,55.700000000004366,77.69999999999709,47.10000000000582,40.10000000000582,36.69999999999709,37.5,37.20000000001164,37.29999999998836,36.899999999965075,35.699999999953434,44.18999999999287
TodoMVC-Preact-Complex-DOM/CompletingAllItems,54.40000000000873,55.19999999999709,46.59999999997672,39.40000000000873,36.80000000000291,37.60000000000582,35.90000000002328,35.39999999999418,36.399999999965075,36.09999999997672,41.379999999995924
TodoMVC-Preact-Complex-DOM/CompletingAllItems/Sync,8.30000000000291,6.19999999999709,6.7999999999883585,5.400000000008731,5.600000000005821,5.600000000005821,5.100000000005821,5.2000000000116415,5.599999999976717,5.5,5.930000000000291
TodoMVC-Preact-Complex-DOM/CompletingAllItems/Async,46.10000000000582,49,39.79999999998836,34,31.19999999999709,32,30.800000000017462,30.199999999982538,30.79999999998836,30.599999999976717,35.44999999999563
TodoMVC-Preact-Complex-DOM/DeletingAllItems,11.900000000001455,12.400000000008731,11.299999999988358,9.80000000000291,9.200000000011642,9.600000000034925,9.60000000000582,9.200000000011642,9.599999999976717,9.100000000034925,10.170000000007713
TodoMVC-Preact-Complex-DOM/DeletingAllItems/Sync,4,4,3.6999999999970896,3.1999999999970896,3.1000000000058208,3.3000000000174623,3.7000000000116415,3.5,3.199999999953434,3.1000000000349246,3.480000000001746
TodoMVC-Preact-Complex-DOM/DeletingAllItems/Async,7.900000000001455,8.400000000008731,7.599999999991269,6.600000000005821,6.100000000005821,6.300000000017462,5.899999999994179,5.7000000000116415,6.400000000023283,6,6.690000000005966
TodoMVC-Svelte-Complex-DOM,121.90000000001601,115.80000000000291,110.69999999999709,92.60000000000582,93.90000000000873,88.29999999998836,80.80000000001746,78.79999999995925,91.40000000002328,79.79999999987194,95.39999999998909
TodoMVC-Svelte-Complex-DOM/Adding100Items,58.700000000004366,49.80000000000291,48.19999999999709,50,43.29999999998836,46.999999999970896,40,38.29999999998836,48.59999999997672,38.199999999953434,46.20999999998821
TodoMVC-Svelte-Complex-DOM/Adding100Items/Sync,12.900000000001455,10,9.89999999999418,9.39999999999418,8.19999999999709,11.199999999982538,9,8.299999999988358,10.299999999988358,7.699999999953434,9.68999999998996
TodoMVC-Svelte-Complex-DOM/Adding100Items/Async,45.80000000000291,39.80000000000291,38.30000000000291,40.60000000000582,35.09999999999127,35.79999999998836,31,30,38.29999999998836,30.5,36.519999999998255
TodoMVC-Svelte-Complex-DOM/CompletingAllItems,49.80000000000291,50.60000000000582,50.19999999999709,33.19999999999709,35.90000000000873,31.800000000017462,31.699999999982538,31.099999999976717,33.29999999998836,32,37.95999999999767
TodoMVC-Svelte-Complex-DOM/CompletingAllItems/Sync,6.69999999999709,5.100000000005821,5.399999999994179,5,4.400000000008731,4.800000000017462,5.100000000005821,4.699999999982538,5.099999999976717,4.900000000023283,5.1200000000011645
TodoMVC-Svelte-Complex-DOM/CompletingAllItems/Async,43.10000000000582,45.5,44.80000000000291,28.19999999999709,31.5,27,26.599999999976717,26.39999999999418,28.20000000001164,27.099999999976717,32.83999999999651
TodoMVC-Svelte-Complex-DOM/DeletingAllItems,13.400000000008731,15.39999999999418,12.30000000000291,9.400000000008731,14.700000000011642,9.5,9.100000000034925,9.39999999999418,9.500000000058208,9.59999999991851,11.230000000003201
TodoMVC-Svelte-Complex-DOM/DeletingAllItems/Sync,5.200000000004366,4,4,3.3000000000029104,3.2000000000116415,3.2999999999883585,3.3000000000174623,3.2999999999883585,3.7000000000116415,3.699999999953434,3.699999999997817
TodoMVC-Svelte-Complex-DOM/DeletingAllItems/Async,8.200000000004366,11.39999999999418,8.30000000000291,6.100000000005821,11.5,6.2000000000116415,5.800000000017462,6.100000000005821,5.800000000046566,5.899999999965075,7.530000000005384
TodoMVC-Lit-Complex-DOM,300.9999999999927,268.1000000000058,222.00000000001455,186.1999999999971,155.39999999999418,180.79999999998836,156.20000000004075,155.20000000001164,170.10000000009313,217.0999999999185,201.21000000000566
TodoMVC-Lit-Complex-DOM/Adding100Items,144.6999999999898,117,107.40000000000873,96.59999999999127,78.89999999999418,86.70000000001164,79.5000000000291,79,83.40000000002328,85.99999999994179,95.91999999999898
TodoMVC-Lit-Complex-DOM/Adding100Items/Sync,11.39999999999418,10.60000000000582,10.400000000008731,9.89999999999418,9.69999999999709,8.39999999999418,9.200000000011642,9.10000000000582,8.400000000023283,9.399999999965075,9.65
TodoMVC-Lit-Complex-DOM/Adding100Items/Async,133.29999999999563,106.39999999999418,97,86.69999999999709,69.19999999999709,78.30000000001746,70.30000000001746,69.89999999999418,75,76.59999999997672,86.26999999999899
TodoMVC-Lit-Complex-DOM/CompletingAllItems,116.59999999999854,127.79999999998836,94.00000000001455,71.80000000000291,59.5,72.5,59.80000000001746,59.10000000000582,64.60000000003492,113.09999999997672,83.88000000000393
TodoMVC-Lit-Complex-DOM/CompletingAllItems/Sync,12.599999999998545,11.5,12.30000000000291,9.5,9.19999999999709,9.10000000000582,9.200000000011642,9.200000000011642,8.900000000023283,12.200000000011642,10.370000000006257
TodoMVC-Lit-Complex-DOM/CompletingAllItems/Async,104,116.29999999998836,81.70000000001164,62.30000000000291,50.30000000000291,63.39999999999418,50.60000000000582,49.89999999999418,55.70000000001164,100.89999999996508,73.50999999999767
TodoMVC-Lit-Complex-DOM/DeletingAllItems,39.700000000004366,23.300000000017462,20.59999999999127,17.80000000000291,17,21.599999999976717,16.89999999999418,17.10000000000582,22.100000000034925,18,21.410000000002764
TodoMVC-Lit-Complex-DOM/DeletingAllItems/Sync,17.5,10.200000000011642,8.599999999991269,7.5,7.100000000005821,7.199999999982538,7.199999999982538,7.2000000000116415,6.900000000023283,7.899999999965075,8.72999999999738
TodoMVC-Lit-Complex-DOM/DeletingAllItems/Async,22.200000000004366,13.10000000000582,12,10.30000000000291,9.89999999999418,14.39999999999418,9.700000000011642,9.89999999999418,15.200000000011642,10.100000000034925,12.680000000005384
NewsSite-Next,985.6999999999971,1198.4000000000233,999.5000000000146,895.6999999999971,783.3000000000029,787.2999999999884,856.7999999999884,837.7999999999593,776.2999999999302,781.1000000000349,890.1899999999936
NewsSite-Next/NavigateToUS,411.90000000000146,547.7000000000116,394.6000000000058,352.8999999999942,307.3000000000029,312.29999999998836,344.5,345.5,308,307.80000000004657,363.2500000000051
NewsSite-Next/NavigateToUS/Sync,223.90000000000146,242.40000000000873,158,135.5,128.5,124.79999999998836,155.39999999999418,155,124.09999999997672,124.80000000004657,157.2400000000016
NewsSite-Next/NavigateToUS/Async,188,305.3000000000029,236.60000000000582,217.39999999999418,178.8000000000029,187.5,189.10000000000582,190.5,183.90000000002328,183,206.0100000000035
NewsSite-Next/NavigateToWorld,298.40000000000146,322.6000000000058,311.3000000000029,267.5,246.09999999999127,245.39999999999418,262.69999999998254,252.59999999997672,239.59999999997672,243,268.91999999999314
NewsSite-Next/NavigateToWorld/Sync,144.5,154.90000000000873,145,127.5,118.69999999999709,121.20000000001164,118.10000000000582,128.69999999998254,120.90000000002328,117.29999999998836,129.68000000000174
NewsSite-Next/NavigateToWorld/Async,153.90000000000146,167.6999999999971,166.3000000000029,140,127.39999999999418,124.19999999998254,144.59999999997672,123.89999999999418,118.69999999995343,125.70000000001164,139.23999999999143
NewsSite-Next/NavigateToPolitics,275.3999999999942,328.1000000000058,293.6000000000058,275.3000000000029,229.90000000000873,229.60000000000582,249.60000000000582,239.69999999998254,228.69999999995343,230.29999999998836,258.0199999999953
NewsSite-Next/NavigateToPolitics/Sync,134.29999999999563,159.40000000000873,148.90000000000873,140.6999999999971,119.30000000000291,118.39999999999418,136.5,121.19999999998254,118.29999999998836,117.79999999998836,131.47999999999666
NewsSite-Next/NavigateToPolitics/Async,141.09999999999854,168.6999999999971,144.6999999999971,134.60000000000582,110.60000000000582,111.20000000001164,113.10000000000582,118.5,110.39999999996508,112.5,126.53999999999868
NewsSite-Nuxt,755.4999999999854,964.6999999999825,896.6999999999825,671.6999999999971,638.3000000000029,689.2000000000407,661.8999999999651,650.899999999936,643.8999999999651,645.2999999999302,721.8099999999788
NewsSite-Nuxt/NavigateToUS,245.09999999999127,341.99999999998545,304.09999999999127,245.50000000001455,217.5,259.4000000000233,227.9999999999709,220.09999999997672,226.89999999996508,230,251.85999999999186
NewsSite-Nuxt/NavigateToUS/Sync,103.79999999999563,167.29999999998836,121.09999999999127,115.30000000000291,95.80000000000291,128.70000000001164,88.59999999997672,91.69999999998254,106.5,107.20000000001164,112.59999999999636
NewsSite-Nuxt/NavigateToUS/Async,141.29999999999563,174.6999999999971,183,130.20000000001164,121.69999999999709,130.70000000001164,139.39999999999418,128.39999999999418,120.39999999996508,122.79999999998836,139.2599999999955
NewsSite-Nuxt/NavigateToWorld,263.40000000000146,317.5,292.8000000000029,199.29999999998836,212.49999999998545,202.60000000000582,205,218.79999999998836,210.19999999995343,208.39999999996508,233.0499999999891
NewsSite-Nuxt/NavigateToWorld/Sync,104.20000000000437,134,119.5,89.89999999999418,90.79999999998836,90.10000000000582,89.69999999998254,88.69999999998254,89.89999999996508,90,98.67999999999229
NewsSite-Nuxt/NavigateToWorld/Async,159.1999999999971,183.5,173.3000000000029,109.39999999999418,121.69999999999709,112.5,115.30000000001746,130.10000000000582,120.29999999998836,118.39999999996508,134.3699999999968
NewsSite-Nuxt/NavigateToPolitics,246.99999999999272,305.1999999999971,299.79999999998836,226.89999999999418,208.30000000001746,227.20000000001164,228.89999999999418,211.9999999999709,206.80000000004657,206.89999999996508,236.89999999999782
NewsSite-Nuxt/NavigateToPolitics/Sync,106.19999999999709,132,125.79999999998836,92.19999999999709,92.20000000001164,93.20000000001164,92,90.29999999998836,91.40000000002328,92.09999999997672,100.73999999999941
NewsSite-Nuxt/NavigateToPolitics/Async,140.79999999999563,173.1999999999971,174,134.6999999999971,116.10000000000582,134,136.89999999999418,121.69999999998254,115.40000000002328,114.79999999998836,136.1599999999984
Editor-CodeMirror,314.90000000000873,166.90000000000873,131.39999999999418,123.40000000000873,124.70000000001164,119.89999999999418,150.39999999996508,117.10000000003492,108.90000000008149,111.90000000002328,146.9500000000131
Editor-CodeMirror/Long,140,91.10000000000582,56.69999999999709,50.39999999999418,61.30000000000291,49.10000000000582,86.19999999998254,58.39999999999418,49.90000000002328,50,69.31000000000058
Editor-CodeMirror/Long/Sync,100.59999999999854,35.60000000000582,32.30000000000291,27.59999999999127,29.80000000000291,26.39999999999418,39.89999999999418,27.70000000001164,26.79999999998836,27,37.36999999999898
Editor-CodeMirror/Long/Async,39.400000000001455,55.5,24.39999999999418,22.80000000000291,31.5,22.70000000001164,46.29999999998836,30.699999999982538,23.100000000034925,23,31.9400000000016
Editor-CodeMirror/Highlight,174.90000000000873,75.80000000000291,74.69999999999709,73.00000000001455,63.40000000000873,70.79999999998836,64.19999999998254,58.700000000040745,59.00000000005821,61.90000000002328,77.64000000001252
Editor-CodeMirror/Highlight/Sync,157.70000000000437,67.89999999999418,66.80000000000291,58.30000000000291,56.5,54.79999999998836,56.5,51.80000000001746,52.20000000001164,53,67.55000000000219
Editor-CodeMirror/Highlight/Async,17.200000000004366,7.900000000008731,7.899999999994179,14.700000000011642,6.900000000008731,16,7.699999999982538,6.900000000023283,6.800000000046566,8.900000000023283,10.090000000010331
Editor-TipTap,753.1999999999971,436.6000000000058,321.9000000000233,302.8000000000029,341.1000000000058,303.80000000001746,290.20000000001164,284.8999999999651,362.3999999999651,282.3999999999651,367.9299999999959
Editor-TipTap/Long,409.6999999999971,257.6999999999971,171.70000000001164,163.10000000000582,211.60000000000582,153.09999999997672,151.19999999998254,152.09999999997672,171.59999999997672,149.29999999998836,199.10999999999186
Editor-TipTap/Long/Sync,394,239.8000000000029,166.90000000000873,147.8000000000029,195.60000000000582,148.79999999998836,146.89999999999418,147.89999999999418,154,145.5,188.71999999999971
Editor-TipTap/Long/Async,15.69999999999709,17.89999999999418,4.80000000000291,15.30000000000291,16,4.2999999999883585,4.2999999999883585,4.199999999982538,17.599999999976717,3.7999999999883585,10.389999999992142
Editor-TipTap/Highlight,343.5,178.90000000000873,150.20000000001164,139.6999999999971,129.5,150.70000000004075,139.0000000000291,132.79999999998836,190.79999999998836,133.09999999997672,168.8200000000041
Editor-TipTap/Highlight/Sync,327.59999999999854,166.8000000000029,141.8000000000029,123.19999999999709,121.69999999999709,127.80000000001746,124.90000000002328,124.19999999998254,182.70000000001164,124.5,156.52000000000334
Editor-TipTap/Highlight/Async,15.900000000001455,12.10000000000582,8.400000000008731,16.5,7.80000000000291,22.900000000023283,14.10000000000582,8.60000000000582,8.099999999976717,8.599999999976717,12.300000000000727
Charts-observable-plot,642.8000000000175,418.6000000000204,285.1999999999971,256.3000000000029,262.79999999998836,287.0999999999767,268.79999999998836,259.6000000000349,260.0000000000582,259.29999999998836,320.0500000000073
Charts-observable-plot/Stacked by 6,277.8000000000102,178.60000000000582,109.69999999999709,105.19999999999709,107.39999999999418,126.69999999998254,114.70000000001164,105.30000000004657,99.5,104.89999999996508,132.980000000001
Charts-observable-plot/Stacked by 6/Sync,237.60000000000582,136.90000000000873,80,76.30000000000291,84.5,93.10000000000582,79.20000000001164,81.90000000002328,76.20000000001164,81.89999999996508,102.76000000000349
Charts-observable-plot/Stacked by 6/Async,40.200000000004366,41.69999999999709,29.69999999999709,28.89999999999418,22.89999999999418,33.59999999997672,35.5,23.400000000023283,23.29999999998836,23,30.219999999997526
Charts-observable-plot/Stacked by 20,233.50000000000728,159.40000000000873,119,102.5,104.89999999999418,108.20000000001164,105.09999999997672,104.29999999998836,99.00000000005821,103.89999999996508,123.98000000000101
Charts-observable-plot/Stacked by 20/Sync,152.8000000000029,116.80000000000291,79.10000000000582,65,71.59999999999127,66.70000000001164,60.29999999998836,71.29999999998836,66.10000000003492,71.29999999998836,82.10000000000146
Charts-observable-plot/Stacked by 20/Async,80.70000000000437,42.60000000000582,39.89999999999418,37.5,33.30000000000291,41.5,44.79999999998836,33,32.90000000002328,32.59999999997672,41.87999999999956
Charts-observable-plot/Dotted,131.5,80.60000000000582,56.5,48.60000000000582,50.5,52.19999999998254,49,50,61.5,50.50000000005821,63.09000000000524
Charts-observable-plot/Dotted/Sync,99.90000000000146,48.39999999999418,26.5,25.60000000000582,26.60000000000582,27.79999999998836,25.5,26.10000000000582,26.599999999976717,27.400000000023283,36.04000000000015
Charts-observable-plot/Dotted/Async,31.599999999998545,32.20000000001164,30,23,23.89999999999418,24.39999999999418,23.5,23.89999999999418,34.90000000002328,23.100000000034925,27.05000000000509
Charts-chartjs,814.8000000000029,591.2999999999884,417.50000000001455,324.8999999999942,348.1000000000204,463.20000000001164,323.79999999998836,337.19999999998254,326.5,338.0999999999185,428.5399999999921
Charts-chartjs/Draw scatter,383.40000000000146,389.6999999999971,181.1999999999971,166.09999999999127,167.40000000000873,249.89999999999418,161.29999999998836,168.60000000000582,170.70000000001164,161.39999999996508,219.96999999999608
Charts-chartjs/Draw scatter/Sync,370,382.8000000000029,175.59999999999127,161.79999999998836,163.6999999999971,236.39999999999418,157.60000000000582,163.39999999999418,160.29999999998836,157.20000000001164,212.87999999999738
Charts-chartjs/Draw scatter/Async,13.400000000001455,6.899999999994179,5.600000000005821,4.30000000000291,3.7000000000116415,13.5,3.6999999999825377,5.2000000000116415,10.400000000023283,4.199999999953434,7.089999999998691
Charts-chartjs/Show tooltip,153.8000000000029,56.19999999999709,112.69999999999709,42.39999999999418,46.20000000001164,72.80000000001746,42.69999999998254,52,39.59999999997672,46.899999999965075,66.52999999999447
Charts-chartjs/Show tooltip/Sync,3.400000000001455,1.8000000000029104,2.6999999999970896,1.1999999999970896,1.1000000000058208,2.3000000000174623,1.3999999999941792,2.6000000000058208,1,1.099999999976717,1.8599999999998544
Charts-chartjs/Show tooltip/Async,150.40000000000146,54.39999999999418,110,41.19999999999709,45.10000000000582,70.5,41.29999999998836,49.39999999999418,38.59999999997672,45.79999999998836,64.66999999999462
Charts-chartjs/Draw opaque scatter,277.59999999999854,145.39999999999418,123.60000000002037,116.40000000000873,134.5,140.5,119.80000000001746,116.59999999997672,116.20000000001164,129.79999999998836,142.0400000000016
Charts-chartjs/Draw opaque scatter/Sync,274,136.8000000000029,120.90000000000873,112.80000000000291,131.90000000000873,132,117.20000000001164,110.39999999999418,113.40000000002328,125.79999999998836,137.52000000000407
Charts-chartjs/Draw opaque scatter/Async,3.599999999998545,8.599999999991269,2.7000000000116415,3.6000000000058208,2.599999999991269,8.5,2.6000000000058208,6.199999999982538,2.7999999999883585,4,4.519999999997526
React-Stockcharts-SVG,848.2999999999956,808,541.7000000000116,513.3000000000175,528.5000000000146,601.0000000000291,530.0999999999476,526.1000000000058,531.8999999999651,524.8999999999651,595.3799999999952
React-Stockcharts-SVG/Render,225.6999999999971,249.5,144.3000000000029,136.70000000001164,153.8000000000029,155.10000000000582,145.89999999996508,143.79999999998836,146.29999999998836,149.79999999998836,165.08999999999506
React-Stockcharts-SVG/Render/Sync,194.59999999999854,217.3000000000029,123,115.90000000000873,133.3000000000029,132.60000000000582,125.09999999997672,123,125.40000000002328,128.19999999995343,141.83999999999725
React-Stockcharts-SVG/Render/Async,31.099999999998545,32.19999999999709,21.30000000000291,20.80000000000291,20.5,22.5,20.79999999998836,20.79999999998836,20.899999999965075,21.600000000034925,23.24999999999782
React-Stockcharts-SVG/PanTheChart,188.3000000000029,192.60000000000582,114.39999999999418,112.69999999999709,110.30000000000291,143.39999999999418,118.19999999998254,117.40000000002328,124.69999999995343,111,133.29999999999563
React-Stockcharts-SVG/PanTheChart/Sync,35.599999999998545,34.19999999999709,22.69999999999709,22.30000000000291,22,32.70000000001164,21.5,24.10000000000582,24.79999999998836,22.5,26.240000000000144
React-Stockcharts-SVG/PanTheChart/Async,152.70000000000437,158.40000000000873,91.69999999999709,90.39999999999418,88.30000000000291,110.69999999998254,96.69999999998254,93.30000000001746,99.89999999996508,88.5,107.05999999999548
React-Stockcharts-SVG/ZoomTheChart,434.29999999999563,365.8999999999942,283.00000000001455,263.90000000000873,264.40000000000873,302.5000000000291,266,264.8999999999942,260.9000000000233,264.0999999999767,296.9900000000045
React-Stockcharts-SVG/ZoomTheChart/Sync,426.20000000000437,357.8999999999942,276.3000000000029,257.40000000000873,257.90000000000873,296.30000000001746,259.5,258.6000000000058,254.70000000001164,257.79999999998836,290.2600000000042
React-Stockcharts-SVG/ZoomTheChart/Async,8.099999999991269,8,6.7000000000116415,6.5,6.5,6.2000000000116415,6.5,6.2999999999883585,6.2000000000116415,6.2999999999883585,6.730000000000291
Perf-Dashboard,388.90000000000873,324.70000000001164,250.5,305.4999999999709,270.7999999999738,240.9999999999709,232.40000000002328,232.80000000004657,232.0000000000582,262.79999999998836,274.1400000000052
Perf-Dashboard/Render,27.90000000000873,20.89999999999418,23,29.699999999982538,17.899999999979627,20.29999999998836,18.000000000029104,17.89999999999418,18.199999999953434,18.400000000023283,21.219999999995345
Perf-Dashboard/Render/Sync,7.30000000000291,6.399999999994179,6.30000000000291,4.899999999994179,4.7999999999883585,5.099999999976717,4.800000000017462,4.899999999994179,5.099999999976717,4.900000000023283,5.44999999999709
Perf-Dashboard/Render/Async,20.60000000000582,14.5,16.69999999999709,24.79999999998836,13.099999999991269,15.200000000011642,13.200000000011642,13,13.099999999976717,13.5,15.769999999998253
Perf-Dashboard/SelectingPoints,153.10000000000582,141.90000000000873,97.80000000000291,151.1999999999971,123.59999999999127,84.80000000001746,91.89999999999418,90.10000000000582,92.10000000003492,104.09999999997672,113.0600000000035
Perf-Dashboard/SelectingPoints/Sync,129.10000000000582,119.5,83.19999999999709,145.09999999999127,96.59999999999127,78.90000000002328,79,84.60000000000582,78.5,89.29999999998836,98.3800000000003
Perf-Dashboard/SelectingPoints/Async,24,22.40000000000873,14.60000000000582,6.100000000005821,27,5.899999999994179,12.89999999999418,5.5,13.600000000034925,14.799999999988358,14.6800000000032
Perf-Dashboard/SelectingRange,207.89999999999418,161.90000000000873,129.6999999999971,124.59999999999127,129.3000000000029,135.89999999996508,122.5,124.80000000004657,121.70000000006985,140.29999999998836,139.8600000000064
Perf-Dashboard/SelectingRange/Sync,200.39999999999418,155.60000000000582,125.19999999999709,120.39999999999418,124.80000000000291,119.69999999998254,118.5,120.40000000002328,117.40000000002328,135.09999999997672,133.75
Perf-Dashboard/SelectingRange/Async,7.5,6.30000000000291,4.5,4.19999999999709,4.5,16.199999999982538,4,4.400000000023283,4.300000000046566,5.2000000000116415,6.110000000006403
Geomean,446.2441220171028,445.7395413936562,352.7098249469982,283.09271011277815,270.8690725150472,274.5169462015449,268.1937484784557,264.81980443753645,265.280762896148,264.39574120265326,313.5862274201921
Score,2.2409258759080615,2.243462621407525,2.8351917901642527,3.5324116951002416,3.69182051946683,3.6427623643526177,3.7286476872533485,3.776152626212938,3.7695910893903735,3.7822091817792294,3.324317545103542